elapsed_s,sequence,device_ms,address,valid,bx_uT,by_uT,bz_uT
30.065324790997693,298,30308,20,1,-307.200012,-210.45001199999996,7766.505859
30.16427928199846,299,30408,20,1,-301.5,-205.95001199999996,7760.939940999999
30.265174469997874,300,30508,20,1,-296.550018,-212.400009,7766.021973
30.360356315999525,301,30613,20,1,-307.200012,-210.45001199999996,7767.474121
30.465127482999378,302,30713,20,1,-307.650024,-211.200012,7768.200195
30.5675901350005,303,30813,20,1,-307.5,-210.750015,7769.167968999999
30.668893032998312,304,30913,20,1,-307.650024,-211.050003,7766.26416
30.767241088997253,305,31017,20,1,-308.25,-211.200012,7767.958008
30.87155152500054,306,31117,20,1,-307.200012,-211.200012,7766.021973
30.963358624998364,307,31217,20,1,-307.80001799999997,-210.90000899999998,7767.231934
31.069251810000424,308,31317,20,1,-307.350006,-211.200012,7767.958008
31.17259327099964,309,31418,20,1,-307.5,-211.050003,7766.26416
31.27414641699943,310,31518,20,1,-306.75,-210.750015,7767.958008
31.369516564998776,311,31618,20,1,-307.5,-210.600006,7768.200195
31.464978440999403,312,31718,20,1,-307.80001799999997,-211.050003,7769.410155999999
31.577125231997343,313,31825,20,1,-307.200012,-211.200012,7766.26416
31.673883557999943,314,31925,20,1,-307.5,-210.750015,7766.505859
31.77837505899879,315,32025,20,1,-307.95001199999996,-211.500015,7768.441895
31.883601333000115,316,32125,20,1,-307.350006,-210.45001199999996,7767.474121
31.99195078000048,317,32233,20,1,-308.25,-210.750015,7765.779785
32.08352593800009,318,32332,20,1,-307.5,-210.600006,7767.715819999999
32.18797592199917,319,32432,20,1,-306.450012,-210.300003,7768.441895
32.28816520699911,320,32532,20,1,-307.200012,-210.90000899999998,7767.715819999999
32.39377774499735,321,32638,20,1,-307.350006,-211.950012,7766.505859
32.48557283499758,322,32737,20,1,-307.80001799999997,-210.45001199999996,7768.684082
32.58576063799774,323,32837,20,1,-307.650024,-211.050003,7768.925780999999
32.68712969099943,324,32937,20,1,-306.600006,-210.600006,7766.989746
32.80120003199772,325,33048,20,1,-307.350006,-211.050003,7768.200195
32.90274764899732,326,33148,20,1,-308.550018,-211.80000299999998,7767.474121
32.994729895999626,327,33248,20,1,-307.650024,-210.90000899999998,7769.894042999999
33.09894496799825,328,33348,20,1,-307.350006,-211.500015,7767.715819999999
33.216156416998274,329,33459,20,1,-307.95001199999996,-211.500015,7769.167968999999
33.30699441199977,330,33559,20,1,-307.650024,-210.90000899999998,7769.651854999999
33.41297361299803,331,33659,20,1,-307.200012,-211.500015,7767.474121
33.50723081999968,332,33759,20,1,-307.650024,-211.200012,7768.684082
33.62083507599891,333,33867,20,1,-306.9000239999999,-210.600006,7767.958008
33.7155115079986,334,33967,20,1,-307.650024,-211.80000299999998,7768.200195
33.82038726199971,335,34067,20,1,-307.80001799999997,-210.600006,7768.200195
33.925164148000476,336,34167,20,1,-308.25,-211.200012,7768.684082
34.02975688399965,337,34275,20,1,-307.200012,-210.90000899999998,7767.958008
34.12115668600018,338,34374,20,1,-308.100006,-211.650009,7768.925780999999
34.227677664999646,339,34474,20,1,-307.5,-211.050003,7769.410155999999
34.32580864299962,340,34574,20,1,-307.5,-210.750015,7766.748047
34.42188876799992,341,34675,20,1,-307.350006,-211.650009,7768.200195
34.522083032999944,342,34775,20,1,-308.25,-211.200012,7767.474121
34.62806942699899,343,34875,20,1,-307.5,-211.200012,7767.474121
34.7213362399998,344,34975,20,1,-307.05001799999997,-211.650009,7770.377929999999
34.828573980998044,345,35082,20,1,-307.200012,-210.45001199999996,7767.958008
34.932317765000334,346,35182,20,1,-307.350006,-211.35000599999998,7767.231934
35.03253810800015,347,35282,20,1,-307.80001799999997,-211.35000599999998,7766.26416
35.13364892900063,348,35382,20,1,-307.80001799999997,-210.90000899999998,7768.925780999999
35.238785862999066,349,35483,20,1,-308.100006,-211.200012,7768.441895
35.330854168998485,350,35583,20,1,-307.650024,-211.35000599999998,7767.231934
35.4372875989975,351,35683,20,1,-307.350006,-210.90000899999998,7768.684082
35.53315343400027,352,35783,20,1,-308.400024,-211.050003,7765.054199
35.63931044799756,353,35893,20,1,-307.650024,-211.500015,7766.505859
35.74363984199954,354,35993,20,1,-307.200012,-211.500015,7766.748047
35.849420221999026,355,36093,20,1,-307.200012,-211.500015,7768.684082
35.948774802000116,356,36193,20,1,-307.350006,-210.150009,7768.200195
36.053903373998764,357,36296,20,1,-307.95001199999996,-210.750015,7766.505859
36.14646118299788,358,36396,20,1,-307.5,-211.35000599999998,7765.538086
36.25116232000073,359,36496,20,1,-308.70001199999996,-211.200012,7766.26416
36.351357547999214,360,36596,20,1,-307.05001799999997,-210.90000899999998,7766.505859
36.447409522999806,361,36700,20,1,-307.650024,-211.200012,7768.925780999999
36.55457022399787,362,36800,20,1,-306.9000239999999,-211.050003,7766.989746
36.65038577700034,363,36900,20,1,-306.450012,-210.45001199999996,7768.441895
36.75496119399759,364,37000,20,1,-307.5,-211.050003,7767.715819999999
36.85417661400061,365,37105,20,1,-307.05001799999997,-211.050003,7768.925780999999
36.960684375997516,366,37205,20,1,-307.5,-211.200012,7766.505859
37.05713824299892,367,37305,20,1,-307.80001799999997,-211.650009,7766.021973
37.15186606399948,368,37405,20,1,-308.100006,-211.200012,7768.925780999999
37.26184921499953,369,37515,20,1,-308.25,-211.80000299999998,7768.200195
37.36677263999809,370,37615,20,1,-306.9000239999999,-211.200012,7766.021973
37.47144956599732,371,37715,20,1,-307.650024,-211.35000599999998,7767.474121
37.56275658499726,372,37815,20,1,-307.650024,-210.600006,7769.410155999999
37.66853942599846,373,37922,20,1,-308.400024,-211.050003,7766.989746
37.77122208400033,374,38022,20,1,-306.9000239999999,-211.35000599999998,7768.441895
37.87966663900079,375,38122,20,1,-307.650024,-211.650009,7767.715819999999
37.97964310899988,376,38222,20,1,-307.350006,-210.750015,7767.231934
38.088301075000345,377,38329,20,1,-308.25,-210.750015,7766.748047
38.17961037299756,378,38429,20,1,-306.600006,-211.650009,7768.200195
38.28625027700036,379,38529,20,1,-307.350006,-210.90000899999998,7765.779785
38.375237090000155,380,38629,20,1,-306.600006,-211.200012,7767.231934
38.4887042219998,381,38735,20,1,-308.550018,-210.750015,7768.441895
38.584761271999014,382,38835,20,1,-307.80001799999997,-211.200012,7766.989746
38.690069921998656,383,38935,20,1,-307.80001799999997,-210.90000899999998,7768.925780999999
38.78725762300019,384,39035,20,1,-307.05001799999997,-211.35000599999998,7768.441895
38.88148967300003,385,39135,20,1,-307.650024,-211.050003,7769.894042999999
38.98480828299944,386,39235,20,1,-306.9000239999999,-211.650009,7767.231934
39.08743693900033,387,39335,20,1,-307.650024,-210.750015,7767.958008
39.187833474999934,388,39435,20,1,-307.200012,-210.45001199999996,7767.231934
39.29744392899738,389,39546,20,1,-308.85000599999995,-211.35000599999998,7768.200195
39.4019812689985,390,39645,20,1,-307.80001799999997,-210.750015,7767.958008
39.49777684899891,391,39745,20,1,-307.350006,-210.600006,7766.021973
39.59996391399909,392,39845,20,1,-307.350006,-211.35000599999998,7766.748047
39.69716869399781,393,39950,20,1,-307.80001799999997,-210.600006,7766.505859
39.80179225199754,394,40049,20,1,-306.75,-210.600006,7766.021973
39.89537208299953,395,40149,20,1,-307.5,-210.90000899999998,7766.021973
40.002960484998766,396,40249,20,1,-307.80001799999997,-211.650009,7768.200195
40.10924914899806,397,40353,20,1,-307.350006,-211.050003,7766.748047
40.19976318499903,398,40453,20,1,-307.80001799999997,-210.150009,7766.505859
40.30409614999735,399,40553,20,1,-307.350006,-211.200012,7767.231934
40.40820658300072,400,40653,20,1,-307.350006,-211.200012,7766.021973
40.51083722899784,401,40758,20,1,-307.05001799999997,-211.050003,7769.410155999999
40.60639366699979,402,40857,20,1,-308.100006,-210.45001199999996,7767.231934
40.70754875000057,403,40957,20,1,-308.25,-210.90000899999998,7765.538086
40.81261018399891,404,41057,20,1,-307.200012,-211.050003,7768.441895
40.918815707998874,405,41162,20,1,-307.650024,-211.200012,7767.715819999999
41.01420001199949,406,41262,20,1,-306.9000239999999,-211.050003,7766.989746
41.108489957998245,407,41362,20,1,-307.350006,-210.90000899999998,7765.295898
41.21419574999891,408,41462,20,1,-308.25,-210.90000899999998,7765.538086
41.31627731700064,409,41562,20,1,-307.5,-211.80000299999998,7766.021973
41.417721440000605,410,41662,20,1,-308.25,-211.200012,7768.925780999999
41.511159194000356,411,41762,20,1,-308.550018,-210.750015,7768.200195
41.61030487699827,412,41862,20,1,-308.400024,-211.200012,7768.684082
41.722786091999296,413,41968,20,1,-307.200012,-211.35000599999998,7768.925780999999
41.81530596999801,414,42068,20,1,-307.05001799999997,-211.500015,7767.715819999999
41.91688149499896,415,42168,20,1,-307.80001799999997,-211.500015,7766.748047
42.01550256200062,416,42268,20,1,-307.650024,-209.700012,7767.231934
42.12816886799919,417,42375,20,1,-308.100006,-211.35000599999998,7767.715819999999
42.221083063999686,418,42474,20,1,-307.80001799999997,-210.45001199999996,7766.989746
42.32475838999744,419,42574,20,1,-307.95001199999996,-211.35000599999998,7768.200195
42.42938761599726,420,42674,20,1,-307.200012,-211.500015,7766.989746
42.536195337997924,421,42778,20,1,-307.95001199999996,-210.150009,7766.26416
42.6328791479973,422,42878,20,1,-307.200012,-210.150009,7768.441895
42.727013290998,423,42978,20,1,-307.80001799999997,-210.45001199999996,7764.812012
42.83099533099812,424,43078,20,1,-307.5,-210.90000899999998,7766.748047
42.93502735899892,425,43179,20,1,-308.400024,-210.600006,7766.989746
43.03698774499935,426,43279,20,1,-307.650024,-211.050003,7766.26416
43.12928401099998,427,43379,20,1,-307.200012,-210.750015,7767.715819999999
43.23416338599782,428,43479,20,1,-307.80001799999997,-210.600006,7765.538086
43.336626853997586,429,43583,20,1,-307.80001799999997,-210.150009,7767.715819999999
43.428437439000845,430,43682,20,1,-307.5,-210.45001199999996,7766.505859
43.53351470499911,431,43782,20,1,-307.80001799999997,-210.300003,7767.474121
43.637791551998816,432,43882,20,1,-307.95001199999996,-210.300003,7767.715819999999
43.74305079699843,433,43987,20,1,-307.95001199999996,-210.750015,7770.377929999999
43.83602022899868,434,44087,20,1,-307.80001799999997,-211.050003,7766.989746
43.936958803999005,435,44187,20,1,-308.100006,-211.050003,7766.989746
44.03933283399965,436,44287,20,1,-308.100006,-210.90000899999998,7766.748047
44.15747061900038,437,44399,20,1,-307.5,-211.35000599999998,7767.231934
44.25054408299911,438,44499,20,1,-308.25,-211.200012,7766.748047
44.35787626599995,439,44599,20,1,-308.400024,-211.050003,7767.231934
44.44826862499758,440,44699,20,1,-307.5,-210.750015,7766.748047
44.562806170997646,441,44807,20,1,-308.100006,-211.80000299999998,7767.231934
44.65526211799806,442,44907,20,1,-307.05001799999997,-210.750015,7766.989746
44.76336616700064,443,45007,20,1,-307.05001799999997,-210.150009,7767.231934
44.85593816599794,444,45107,20,1,-307.05001799999997,-211.35000599999998,7768.925780999999
44.971986974000174,445,45217,20,1,-307.650024,-210.300003,7769.410155999999
45.075153080000746,446,45317,20,1,-307.5,-210.600006,7766.748047
45.16474265400029,447,45417,20,1,-307.5,-210.45001199999996,7767.715819999999
45.26441950200024,448,45517,20,1,-307.650024,-210.300003,7766.989746
45.375449440998636,449,45624,20,1,-307.5,-211.050003,7766.021973
45.47894562899819,450,45723,20,1,-307.80001799999997,-210.90000899999998,7765.295898
45.57160577600007,451,45823,20,1,-307.350006,-211.500015,7767.958008
45.67382320499746,452,45923,20,1,-307.5,-210.750015,7765.295898
45.78959326399854,453,46034,20,1,-307.5,-211.050003,7767.474121
45.88165886099887,454,46134,20,1,-307.200012,-211.500015,7765.295898
45.98548777399992,455,46234,20,1,-307.5,-210.750015,7765.779785
46.08675783799845,456,46334,20,1,-307.95001199999996,-210.750015,7768.441895
46.182691795998835,457,46436,20,1,-306.75,-210.45001199999996,7765.054199
46.282889575999434,458,46536,20,1,-307.5,-210.750015,7764.812012
46.39010718300051,459,46636,20,1,-307.80001799999997,-210.90000899999998,7765.779785
46.48245657100051,460,46736,20,1,-307.350006,-211.650009,7768.200195
46.599238373000844,461,46843,20,1,-307.5,-210.300003,7764.812012
46.69231281499742,462,46942,20,1,-307.5,-210.600006,7766.748047
46.79512443099884,463,47042,20,1,-307.350006,-210.600006,7765.779785
46.89679768199858,464,47142,20,1,-307.5,-211.050003,7765.295898
46.99179838099735,465,47245,20,1,-307.5,-210.600006,7766.26416
47.094394143998215,466,47345,20,1,-307.5,-211.050003,7766.26416
47.1957044640003,467,47445,20,1,-307.350006,-210.90000899999998,7766.505859
47.299777775999246,468,47545,20,1,-308.550018,-210.90000899999998,7766.26416
47.40325324399964,469,47649,20,1,-307.5,-211.500015,7766.021973
47.50007504899986,470,47749,20,1,-307.650024,-211.650009,7766.505859
47.60419276799803,471,47849,20,1,-306.450012,-210.90000899999998,7767.474121
47.70746462199895,472,47949,20,1,-307.350006,-211.35000599999998,7765.538086
47.81259786599912,473,48055,20,1,-307.650024,-211.650009,7765.779785
47.906923362999805,474,48155,20,1,-306.9000239999999,-210.750015,7766.26416
48.01228626499869,475,48255,20,1,-308.400024,-210.300003,7764.812012
48.10416505899775,476,48355,20,1,-307.5,-210.45001199999996,7766.505859
48.217272940997645,477,48462,20,1,-307.200012,-211.500015,7768.200195
48.31566583300082,478,48562,20,1,-307.80001799999997,-211.050003,7766.26416
48.416780185998505,479,48662,20,1,-307.650024,-210.600006,7766.26416
48.51728377700056,480,48762,20,1,-307.80001799999997,-211.050003,7768.925780999999
48.62194309400002,481,48865,20,1,-307.5,-211.050003,7766.748047
48.71561483299956,482,48965,20,1,-307.95001199999996,-211.500015,7766.748047
48.821597078000195,483,49065,20,1,-307.200012,-211.200012,7765.538086
48.91460899199956,484,49165,20,1,-307.350006,-211.050003,7765.538086
49.026136322998354,485,49277,20,1,-307.650024,-211.35000599999998,7766.748047
49.13345078099883,486,49377,20,1,-307.200012,-211.500015,7767.231934
49.22715925299781,487,49477,20,1,-307.95001199999996,-210.90000899999998,7766.989746
49.33703261700066,488,49577,20,1,-307.80001799999997,-211.80000299999998,7766.021973
49.437482402998285,489,49688,20,1,-307.650024,-211.500015,7765.538086
49.53732507799941,490,49788,20,1,-307.80001799999997,-211.050003,7765.538086
49.64709374099766,491,49888,20,1,-307.650024,-211.200012,7766.26416
49.74274451000019,492,49988,20,1,-307.200012,-211.200012,7766.26416
49.84249928300051,493,50092,20,1,-308.100006,-211.200012,7764.812012
49.94631283700073,494,50192,20,1,-307.05001799999997,-211.35000599999998,7765.538086
50.04415955600052,495,50292,20,1,-308.25,-211.050003,7766.505859
50.1473397669979,496,50392,20,1,-307.350006,-211.200012,7766.26416
50.24738029599757,497,50495,20,1,-307.95001199999996,-211.650009,7765.779785
50.34353145299974,498,50595,20,1,-307.200012,-210.90000899999998,7764.569824
50.448923556999944,499,50695,20,1,-307.80001799999997,-210.750015,7764.812012
50.54265290699914,500,50795,20,1,-307.95001199999996,-210.45001199999996,7766.021973
50.65670533699813,501,50902,20,1,-308.100006,-211.050003,7767.715819999999
50.75062931699722,502,51002,20,1,-307.650024,-211.35000599999998,7766.021973
50.85603387499941,503,51102,20,1,-308.100006,-211.35000599999998,7764.569824
50.95362566499898,504,51202,20,1,-307.350006,-210.750015,7766.748047
51.0576236550005,505,51303,20,1,-308.25,-211.200012,7766.26416
51.15422388799925,506,51402,20,1,-307.650024,-211.200012,7767.474121
51.254966217999026,507,51502,20,1,-307.80001799999997,-210.600006,7766.021973
51.35809653300021,508,51602,20,1,-307.200012,-210.750015,7763.84375
51.45611051100059,509,51708,20,1,-306.75,-210.750015,7764.328125
51.56420817699836,510,51807,20,1,-307.650024,-210.45001199999996,7765.054199
51.6585703569981,511,51907,20,1,-307.5,-210.90000899999998,7765.779785
51.75977641699865,512,52007,20,1,-308.100006,-211.500015,7764.085938
51.86656429999857,513,52108,20,1,-307.650024,-210.750015,7766.505859
51.95494324399988,514,52208,20,1,-307.5,-210.90000899999998,7767.715819999999
52.06017414300004,515,52308,20,1,-307.80001799999997,-211.35000599999998,7764.812012
52.16459720800049,516,52408,20,1,-307.650024,-210.45001199999996,7767.715819999999
52.268370923000475,517,52512,20,1,-308.400024,-211.050003,7766.26416
52.36009443199873,518,52611,20,1,-308.25,-211.200012,7765.538086
52.466697715997725,519,52711,20,1,-308.100006,-210.45001199999996,7764.812012
52.55878712900085,520,52811,20,1,-307.5,-211.050003,7764.328125
52.673798390998854,521,52916,20,1,-307.5,-210.45001199999996,7766.021973
52.76638861399988,522,53016,20,1,-307.650024,-210.90000899999998,7765.538086
52.870685858997604,523,53116,20,1,-307.80001799999997,-211.200012,7765.054199
52.97352057099852,524,53216,20,1,-308.100006,-211.35000599999998,7765.779785
53.0756264949996,525,53321,20,1,-308.400024,-210.150009,7766.989746
53.16785221700047,526,53421,20,1,-307.80001799999997,-211.500015,7766.748047
53.26896348899754,527,53521,20,1,-307.80001799999997,-211.500015,7766.748047
53.37817735899807,528,53621,20,1,-307.80001799999997,-211.050003,7763.602051
53.48071375799918,529,53725,20,1,-307.650024,-210.90000899999998,7765.538086
53.58113577399854,530,53825,20,1,-307.650024,-210.600006,7765.054199
53.671719285997824,531,53925,20,1,-307.350006,-211.200012,7765.054199
53.7775092769989,532,54025,20,1,-307.95001199999996,-211.650009,7766.26416
53.87283439499879,533,54125,20,1,-307.95001199999996,-211.050003,7765.295898
53.97983524300071,534,54225,20,1,-307.95001199999996,-210.600006,7765.054199
54.07425782700011,535,54325,20,1,-307.5,-211.050003,7767.474121
54.17785754999932,536,54425,20,1,-307.80001799999997,-211.200012,7766.989746
54.28062026800035,537,54527,20,1,-306.9000239999999,-211.500015,7764.085938
54.381451883997215,538,54626,20,1,-307.5,-211.050003,7764.328125
54.475423293999484,539,54726,20,1,-307.5,-210.600006,7765.054199
54.57724376599799,540,54826,20,1,-307.650024,-211.200012,7764.569824
54.68728969099902,541,54938,20,1,-307.350006,-210.750015,7763.602051
54.78730197099867,542,55037,20,1,-306.75,-211.500015,7765.779785
54.88733331399999,543,55137,20,1,-307.350006,-211.80000299999998,7766.021973
54.99385290099963,544,55237,20,1,-307.5,-211.35000599999998,7767.231934
55.09886731199731,545,55342,20,1,-307.200012,-211.35000599999998,7766.26416
55.19233846700081,546,55442,20,1,-308.100006,-210.90000899999998,7766.505859
55.29551105000064,547,55542,20,1,-307.200012,-212.100006,7763.359863
55.40054638999936,548,55642,20,1,-307.5,-211.950012,7765.538086
55.49461496100048,549,55748,20,1,-308.400024,-211.050003,7766.748047
55.60304258099859,550,55848,20,1,-308.550018,-210.600006,7765.779785
55.698826166997605,551,55948,20,1,-308.100006,-211.35000599999998,7766.989746
55.80080648699732,552,56048,20,1,-307.650024,-211.200012,7765.054199
55.906759277000674,553,56149,20,1,-308.100006,-210.45001199999996,7765.295898
56.00468898299732,554,56248,20,1,-307.05001799999997,-211.35000599999998,7763.602051
56.10387523299869,555,56348,20,1,-307.80001799999997,-211.650009,7765.295898
56.203662578998774,556,56448,20,1,-307.95001199999996,-211.35000599999998,7765.295898
56.309757028000604,557,56552,20,1,-306.75,-211.650009,7765.295898
56.39947192799809,558,56651,20,1,-307.350006,-211.200012,7764.812012
56.50558507799724,559,56751,20,1,-308.550018,-210.300003,7764.085938
56.605903855997894,560,56851,20,1,-307.80001799999997,-210.750015,7765.295898
56.70794010199825,561,56954,20,1,-307.95001199999996,-211.35000599999998,7767.958008
56.80390049699781,562,57053,20,1,-307.80001799999997,-211.35000599999998,7765.538086
56.90454473099817,563,57153,20,1,-308.25,-210.150009,7765.054199
57.00395488199865,564,57253,20,1,-306.9000239999999,-210.45001199999996,7764.569824
57.110671433998505,565,57363,20,1,-308.25,-211.80000299999998,7766.989746
57.220704625997314,566,57463,20,1,-308.100006,-210.90000899999998,7765.538086
57.320305471999745,567,57563,20,1,-308.100006,-211.200012,7763.118164
57.41350511099881,568,57663,20,1,-307.95001199999996,-211.200012,7765.538086
57.53280073299902,569,57774,20,1,-307.5,-210.300003,7765.295898
57.626512003000244,570,57874,20,1,-308.100006,-210.90000899999998,7764.085938
57.73142908499722,571,57974,20,1,-307.200012,-210.300003,7764.569824
57.82446244499806,572,58074,20,1,-307.5,-210.600006,7765.779785
57.94170966399906,573,58185,20,1,-307.80001799999997,-211.200012,7765.779785
58.033780776997446,574,58285,20,1,-306.9000239999999,-210.750015,7766.021973
58.138367122999625,575,58385,20,1,-307.95001199999996,-210.600006,7763.118164
58.241603036000015,576,58485,20,1,-307.5,-210.300003,7766.26416
58.34509663999779,577,58590,20,1,-307.95001199999996,-210.600006,7765.054199
58.43686068600073,578,58689,20,1,-307.650024,-211.050003,7764.569824
58.54349174500021,579,58789,20,1,-306.9000239999999,-210.750015,7763.118164
58.636811304997536,580,58889,20,1,-307.350006,-210.750015,7767.715819999999
58.74317148499904,581,58995,20,1,-308.100006,-210.600006,7765.538086
58.848211910997634,582,59095,20,1,-307.5,-210.00001499999996,7766.021973
58.94312557000012,583,59195,20,1,-306.9000239999999,-210.300003,7765.054199
59.04360464599813,584,59295,20,1,-307.200012,-210.90000899999998,7765.538086
59.16068655399795,585,59403,20,1,-307.350006,-210.600006,7765.295898
59.25362820299779,586,59503,20,1,-307.350006,-210.90000899999998,7765.054199
59.3587381469988,587,59603,20,1,-308.25,-210.45001199999996,7765.295898
59.460734837997734,588,59703,20,1,-307.5,-211.050003,7765.054199
59.557830325000396,589,59808,20,1,-307.05001799999997,-210.300003,7766.505859
59.663453231998574,590,59908,20,1,-306.9000239999999,-209.700012,7766.989746
59.75913787999889,591,60008,20,1,-308.400024,-210.45001199999996,7764.328125
59.85983434800073,592,60108,20,1,-306.9000239999999,-210.300003,7764.328125
59.974622139998246,593,60218,20,1,-307.650024,-210.300003,7766.989746
