elapsed_s,sequence,device_ms,valid,bx_uT,by_uT,bz_uT
0.04672938799922122,291,29351,1,-307.95001199999996,-210.750015,7744.483887
0.14139957199950004,292,29451,1,-308.400024,-210.45001199999996,7744.483887
0.24216506900120294,293,29551,1,-308.400024,-210.90000899999998,7744.726074
0.34897610700136283,294,29652,1,-307.80001799999997,-210.300003,7743.757812
0.45262872199964477,295,29751,1,-307.80001799999997,-210.90000899999998,7745.452148
0.54271675900236,296,29851,1,-307.05001799999997,-211.35000599999998,7745.209961
0.6504995569994207,297,29951,1,-307.80001799999997,-211.050003,7743.273925999999
0.7432709259992407,298,30051,1,-308.100006,-210.00001499999996,7744.242187999999
0.8464664759994776,299,30151,1,-308.100006,-211.650009,7744.967773
0.9527094570003101,300,30251,1,-308.25,-210.600006,7745.209961
1.0456500950022019,301,30351,1,-307.95001199999996,-211.050003,7745.452148
1.1496307039997191,302,30451,1,-307.95001199999996,-211.050003,7745.452148
1.2458429140024236,303,30551,1,-307.95001199999996,-210.600006,7746.419922
1.3489723759994376,304,30651,1,-307.200012,-210.90000899999998,7744.483887
1.4432608730021457,305,30751,1,-307.80001799999997,-210.300003,7744.0
1.5475595409989182,306,30851,1,-307.5,-211.050003,7744.242187999999
1.6534007090012892,307,30951,1,-308.100006,-211.35000599999998,7745.452148
1.750591076001001,308,31051,1,-307.350006,-210.300003,7746.177734
1.8471934869994584,309,31151,1,-308.25,-211.050003,7744.242187999999
1.9505541879989323,310,31251,1,-307.05001799999997,-210.750015,7744.0
2.0436005080009636,311,31351,1,-307.650024,-210.45001199999996,7744.726074
2.1469781390005664,312,31451,1,-308.100006,-210.300003,7745.693848
2.249895760000072,313,31551,1,-308.100006,-210.90000899999998,7744.726074
2.351819894000073,314,31652,1,-308.550018,-210.90000899999998,7748.11377
2.4440217270021094,315,31751,1,-307.350006,-210.750015,7744.483887
2.5454548170018825,316,31851,1,-308.550018,-210.600006,7745.693848
2.6503220420017897,317,31951,1,-307.350006,-210.300003,7743.516113
2.7518616400011524,318,32051,1,-307.80001799999997,-211.650009,7744.726074
2.8485855930011894,319,32151,1,-307.80001799999997,-210.600006,7744.483887
2.953906114998972,320,32253,1,-307.05001799999997,-210.300003,7743.516113
3.045774132002407,321,32352,1,-307.80001799999997,-211.050003,7745.693848
3.1523229769991303,322,32452,1,-308.25,-211.200012,7745.936035
3.2537810419999005,323,32552,1,-307.5,-211.050003,7746.419922
3.3569214470007864,324,32656,1,-308.100006,-210.750015,7745.209961
3.4536726660007844,325,32755,1,-307.650024,-210.90000899999998,7744.967773
3.5482062230003066,326,32855,1,-307.80001799999997,-210.750015,7745.209961
3.6507075610024913,327,32955,1,-308.100006,-211.35000599999998,7742.547851999999
3.7612579540000297,328,33064,1,-308.100006,-211.200012,7744.967773
3.8607569330015394,329,33164,1,-307.5,-210.90000899999998,7744.483887
3.954796723999607,330,33264,1,-307.80001799999997,-210.750015,7744.726074
4.058699394001451,331,33364,1,-307.650024,-211.050003,7743.031738
4.174891512000613,332,33474,1,-307.350006,-211.200012,7744.0
4.271500865001144,333,33573,1,-308.100006,-211.050003,7747.388184
4.373056417000043,334,33673,1,-308.25,-210.150009,7745.936035
4.472599386001093,335,33773,1,-308.400024,-211.35000599999998,7743.757812
4.575041394000436,336,33875,1,-308.400024,-211.650009,7743.757812
4.666913110002497,337,33974,1,-308.25,-211.80000299999998,7744.967773
4.7729995629997575,338,34074,1,-307.95001199999996,-210.750015,7745.452148
4.865876007999759,339,34174,1,-308.550018,-210.600006,7741.821776999999
4.981143943001371,340,34280,1,-308.400024,-210.300003,7744.967773
5.072757621001074,341,34380,1,-308.25,-210.90000899999998,7744.483887
5.17618978000246,342,34480,1,-308.100006,-211.050003,7744.242187999999
5.278478031999839,343,34580,1,-307.95001199999996,-211.35000599999998,7745.209961
5.3813822850024735,344,34681,1,-308.70001199999996,-211.650009,7745.452148
5.473544157001015,345,34781,1,-307.95001199999996,-211.80000299999998,7745.209961
5.579337628001667,346,34881,1,-307.80001799999997,-211.050003,7745.209961
5.683168397001282,347,34981,1,-308.25,-210.150009,7744.967773
5.786267969000619,348,35087,1,-308.550018,-210.45001199999996,7744.967773
5.88813164900057,349,35186,1,-308.400024,-211.050003,7744.967773
5.98194219600191,350,35286,1,-308.25,-210.600006,7743.516113
6.085872511001071,351,35386,1,-308.550018,-210.90000899999998,7744.0
6.1803223110000545,352,35488,1,-308.100006,-211.35000599999998,7744.726074
6.28435683600037,353,35588,1,-308.100006,-211.35000599999998,7744.242187999999
6.388045613999566,354,35688,1,-308.100006,-211.200012,7743.031738
6.480350891000853,355,35788,1,-308.25,-211.650009,7745.693848
6.589307305999682,356,35896,1,-307.350006,-210.45001199999996,7743.757812
6.690853744999913,357,35996,1,-307.650024,-211.35000599999998,7746.177734
6.795122668001568,358,36096,1,-308.100006,-211.650009,7745.209961
6.88701254300031,359,36196,1,-307.95001199999996,-210.750015,7744.0
7.002522703001887,360,36302,1,-308.25,-210.750015,7744.483887
7.095744680998905,361,36402,1,-308.100006,-211.050003,7743.757812
7.199623088999942,362,36502,1,-308.25,-210.750015,7742.547851999999
7.294362060001731,363,36602,1,-307.650024,-211.80000299999998,7744.0
7.405691695999849,364,36708,1,-308.100006,-212.250015,7744.0
7.506591934001335,365,36808,1,-307.95001199999996,-210.90000899999998,7746.662109
7.607429089999641,366,36908,1,-308.550018,-210.90000899999998,7743.273925999999
7.698661299000378,367,37008,1,-307.5,-211.500015,7743.273925999999
7.814369117000751,368,37113,1,-308.25,-210.750015,7745.209961
7.913073684001574,369,37213,1,-307.650024,-211.200012,7745.452148
8.012186595002277,370,37313,1,-308.25,-211.80000299999998,7745.209961
8.114452972000436,371,37413,1,-308.25,-211.35000599999998,7744.483887
8.21990107700185,372,37517,1,-308.85000599999995,-211.35000599999998,7745.693848
8.316621619000216,373,37617,1,-308.70001199999996,-210.750015,7742.547851999999
8.418421957001556,374,37717,1,-308.100006,-211.500015,7742.547851999999
8.511822648000816,375,37817,1,-308.25,-211.050003,7744.0
8.625750540999434,376,37925,1,-307.95001199999996,-210.750015,7745.209961
8.721506015001069,377,38025,1,-307.650024,-211.35000599999998,7743.516113
8.825459111001692,378,38125,1,-307.80001799999997,-211.200012,7745.936035
8.916708425000252,379,38225,1,-308.70001199999996,-210.300003,7744.483887
9.03036196299945,380,38330,1,-307.650024,-210.45001199999996,7746.177734
9.126289812000323,381,38430,1,-307.95001199999996,-211.500015,7743.273925999999
9.225352053999814,382,38530,1,-308.100006,-211.35000599999998,7743.031738
9.329818263999186,383,38630,1,-308.25,-210.00001499999996,7744.967773
9.427912945000571,384,38733,1,-308.400024,-211.200012,7743.516113
9.533711250001943,385,38832,1,-308.25,-210.90000899999998,7744.483887
9.635988297999575,386,38932,1,-307.350006,-210.750015,7742.306151999999
9.731703553999978,387,39032,1,-307.80001799999997,-210.45001199999996,7744.726074
9.831536701000005,388,39135,1,-307.200012,-210.750015,7744.242187999999
9.926057381002465,389,39235,1,-307.80001799999997,-211.500015,7745.209961
10.030711842002347,390,39335,1,-308.25,-211.200012,7743.757812
