utc,elapsed_s,sequence,device_ms,valid,bx_uT,by_uT,bz_uT
2026-10-07T03:55:03.169758+00:00,60.10434412956238,7221,722306,1,-306.75,-200.55000299999998,7876.131836
2026-10-07T03:55:03.264263+00:00,60.19884896278381,7222,722406,1,-306.9000239999999,-199.950012,7874.680176
2026-10-07T03:55:03.365768+00:00,60.30035400390625,7223,722506,1,-307.200012,-200.700012,7875.890136999999
2026-10-07T03:55:03.468011+00:00,60.402596950531006,7224,722606,1,-306.600006,-200.700012,7871.775878999999
2026-10-07T03:55:03.561322+00:00,60.49590802192688,7225,722706,1,-306.75,-199.65000899999998,7874.680176
2026-10-07T03:55:03.665888+00:00,60.6004741191864,7226,722806,1,-306.9000239999999,-200.850006,7874.437988
2026-10-07T03:55:03.761396+00:00,60.69598197937012,7227,722906,1,-306.75,-200.850006,7874.195801
2026-10-07T03:55:03.862127+00:00,60.79671311378479,7228,723006,1,-307.05001799999997,-201.600006,7876.615723
2026-10-07T03:55:03.968059+00:00,60.902645111083984,7229,723106,1,-306.600006,-200.55000299999998,7873.711914000001
2026-10-07T03:55:04.066212+00:00,61.00079798698425,7230,723206,1,-306.450012,-200.10000599999998,7874.680176
2026-10-07T03:55:04.168331+00:00,61.102916955947876,7231,723306,1,-307.5,-200.55000299999998,7873.954102
2026-10-07T03:55:04.261487+00:00,61.196073055267334,7232,723406,1,-306.300018,-200.55000299999998,7871.775878999999
2026-10-07T03:55:04.365289+00:00,61.299875020980835,7233,723506,1,-306.75,-201.150009,7874.437988
2026-10-07T03:55:04.461100+00:00,61.39568614959717,7234,723606,1,-306.0,-200.850006,7873.469727
2026-10-07T03:55:04.565328+00:00,61.499913930892944,7235,723706,1,-307.80001799999997,-200.850006,7873.954102
2026-10-07T03:55:04.670863+00:00,61.605448961257935,7236,723806,1,-306.9000239999999,-200.400009,7875.405761999999
2026-10-07T03:55:04.759427+00:00,61.6940131187439,7237,723906,1,-307.05001799999997,-200.400009,7874.680176
2026-10-07T03:55:04.865504+00:00,61.800090074539185,7238,724006,1,-307.05001799999997,-200.700012,7874.921874999999
2026-10-07T03:55:04.967687+00:00,61.90227293968201,7239,724106,1,-306.9000239999999,-201.300003,7873.711914000001
2026-10-07T03:55:05.065635+00:00,62.00022101402283,7240,724206,1,-307.200012,-201.00001499999996,7872.259765999999
2026-10-07T03:55:05.158755+00:00,62.09334111213684,7241,724306,1,-306.9000239999999,-200.250015,7873.469727
2026-10-07T03:55:05.260144+00:00,62.194730043411255,7242,724406,1,-307.200012,-201.150009,7872.985839999999
2026-10-07T03:55:05.361308+00:00,62.295894145965576,7243,724506,1,-305.550018,-200.850006,7876.131836
2026-10-07T03:55:05.468922+00:00,62.40350794792175,7244,724606,1,-306.9000239999999,-200.250015,7873.228026999999
2026-10-07T03:55:05.568899+00:00,62.50348496437073,7245,724706,1,-306.300018,-200.850006,7873.469727
2026-10-07T03:55:05.668282+00:00,62.60286808013916,7246,724806,1,-306.9000239999999,-200.850006,7874.437988
2026-10-07T03:55:05.758305+00:00,62.692891120910645,7247,724906,1,-306.0,-201.150009,7875.405761999999
2026-10-07T03:55:05.862120+00:00,62.79670596122742,7248,725006,1,-307.05001799999997,-201.00001499999996,7872.018065999999
2026-10-07T03:55:05.966382+00:00,62.900968074798584,7249,725106,1,-307.350006,-201.600006,7874.437988
2026-10-07T03:55:06.063469+00:00,62.99805498123169,7250,725206,1,-307.05001799999997,-201.300003,7875.405761999999
2026-10-07T03:55:06.169560+00:00,63.104146003723145,7251,725306,1,-306.75,-200.55000299999998,7873.711914000001
2026-10-07T03:55:06.261194+00:00,63.19578003883362,7252,725406,1,-306.75,-200.850006,7874.921874999999
2026-10-07T03:55:06.361083+00:00,63.295669078826904,7253,725506,1,-307.05001799999997,-200.700012,7873.711914000001
2026-10-07T03:55:06.466790+00:00,63.40137600898743,7254,725606,1,-307.350006,-201.00001499999996,7873.954102
2026-10-07T03:55:06.561255+00:00,63.49584102630615,7255,725706,1,-307.5,-201.300003,7875.164061999999
2026-10-07T03:55:06.664308+00:00,63.598894119262695,7256,725806,1,-306.9000239999999,-200.400009,7874.680176
2026-10-07T03:55:06.768079+00:00,63.70266509056091,7257,725906,1,-307.5,-200.250015,7873.954102
2026-10-07T03:55:06.860462+00:00,63.795047998428345,7258,726006,1,-307.05001799999997,-200.700012,7873.711914000001
2026-10-07T03:55:06.963676+00:00,63.89826202392578,7259,726106,1,-307.650024,-200.55000299999998,7873.469727
2026-10-07T03:55:07.070360+00:00,64.00494599342346,7260,726206,1,-307.80001799999997,-201.150009,7873.228026999999
2026-10-07T03:55:07.160282+00:00,64.09486794471741,7261,726306,1,-306.450012,-200.250015,7875.164061999999
2026-10-07T03:55:07.267522+00:00,64.20210814476013,7262,726406,1,-306.75,-200.10000599999998,7872.259765999999
2026-10-07T03:55:07.365831+00:00,64.30041694641113,7263,726506,1,-306.9000239999999,-200.250015,7872.744140999999
2026-10-07T03:55:07.459179+00:00,64.39376497268677,7264,726606,1,-306.9000239999999,-200.250015,7873.228026999999
2026-10-07T03:55:07.564409+00:00,64.49899506568909,7265,726707,1,-307.200012,-200.10000599999998,7876.131836
2026-10-07T03:55:07.667805+00:00,64.60239100456238,7266,726806,1,-306.450012,-200.55000299999998,7873.469727
2026-10-07T03:55:07.767874+00:00,64.70246005058289,7267,726906,1,-306.600006,-200.55000299999998,7875.164061999999
2026-10-07T03:55:07.861106+00:00,64.7956919670105,7268,727006,1,-307.80001799999997,-201.150009,7873.711914000001
2026-10-07T03:55:07.961940+00:00,64.89652609825134,7269,727106,1,-307.05001799999997,-200.400009,7875.164061999999
2026-10-07T03:55:08.058933+00:00,64.99351906776428,7270,727206,1,-307.350006,-200.850006,7873.954102
2026-10-07T03:55:08.162619+00:00,65.09720516204834,7271,727306,1,-306.9000239999999,-201.00001499999996,7872.985839999999
2026-10-07T03:55:08.265153+00:00,65.1997389793396,7272,727406,1,-306.600006,-200.850006,7873.228026999999
2026-10-07T03:55:08.369353+00:00,65.3039391040802,7273,727506,1,-306.150024,-200.55000299999998,7872.744140999999
2026-10-07T03:55:08.462845+00:00,65.39743113517761,7274,727606,1,-306.9000239999999,-201.150009,7874.195801
2026-10-07T03:55:08.563932+00:00,65.4985179901123,7275,727706,1,-306.9000239999999,-201.150009,7874.195801
2026-10-07T03:55:08.668205+00:00,65.60279107093811,7276,727806,1,-306.600006,-200.400009,7871.534179999999
2026-10-07T03:55:08.761201+00:00,65.69578695297241,7277,727906,1,-307.5,-200.10000599999998,7872.259765999999
2026-10-07T03:55:08.862733+00:00,65.79731893539429,7278,728006,1,-306.600006,-200.10000599999998,7873.711914000001
2026-10-07T03:55:08.967093+00:00,65.90167903900146,7279,728106,1,-306.450012,-201.150009,7871.049804999999
2026-10-07T03:55:09.059016+00:00,65.99360203742981,7280,728206,1,-306.75,-201.00001499999996,7874.921874999999
2026-10-07T03:55:09.163394+00:00,66.09798002243042,7281,728306,1,-307.650024,-200.850006,7872.985839999999
2026-10-07T03:55:09.261660+00:00,66.19624614715576,7282,728406,1,-307.200012,-201.00001499999996,7872.259765999999
2026-10-07T03:55:09.365863+00:00,66.30044913291931,7283,728506,1,-306.75,-201.300003,7872.985839999999
2026-10-07T03:55:09.469027+00:00,66.40361309051514,7284,728606,1,-307.05001799999997,-200.10000599999998,7873.954102
2026-10-07T03:55:09.561132+00:00,66.49571800231934,7285,728706,1,-306.600006,-200.700012,7872.744140999999
2026-10-07T03:55:09.669016+00:00,66.60360193252563,7286,728806,1,-307.650024,-200.700012,7872.985839999999
2026-10-07T03:55:09.761094+00:00,66.69568014144897,7287,728906,1,-307.80001799999997,-200.700012,7874.680176
2026-10-07T03:55:09.866005+00:00,66.80059099197388,7288,729006,1,-307.200012,-200.700012,7872.985839999999
2026-10-07T03:55:09.966943+00:00,66.90152907371521,7289,729106,1,-307.200012,-201.45001199999996,7871.291992
2026-10-07T03:55:10.060142+00:00,66.9947280883789,7290,729206,1,-306.9000239999999,-200.250015,7870.808105
2026-10-07T03:55:10.164502+00:00,67.0990879535675,7291,729306,1,-306.300018,-200.55000299999998,7872.985839999999
2026-10-07T03:55:10.261112+00:00,67.19569802284241,7292,729406,1,-306.75,-200.55000299999998,7873.469727
2026-10-07T03:55:10.364417+00:00,67.29900312423706,7293,729506,1,-306.600006,-201.45001199999996,7873.228026999999
2026-10-07T03:55:10.465842+00:00,67.40042805671692,7294,729606,1,-307.350006,-199.950012,7872.018065999999
2026-10-07T03:55:10.564926+00:00,67.49951195716858,7295,729706,1,-306.75,-200.850006,7874.195801
2026-10-07T03:55:10.665846+00:00,67.60043215751648,7296,729806,1,-306.9000239999999,-201.150009,7873.711914000001
2026-10-07T03:55:10.766785+00:00,67.70137095451355,7297,729906,1,-306.75,-201.45001199999996,7872.501952999999
2026-10-07T03:55:10.866163+00:00,67.80074906349182,7298,730006,1,-307.350006,-200.55000299999998,7873.954102
2026-10-07T03:55:10.966526+00:00,67.90111207962036,7299,730106,1,-307.05001799999997,-201.00001499999996,7873.469727
2026-10-07T03:55:11.058911+00:00,67.993497133255,7300,730206,1,-307.200012,-201.45001199999996,7874.437988
2026-10-07T03:55:11.158404+00:00,68.0929901599884,7301,730306,1,-307.05001799999997,-200.850006,7873.711914000001
2026-10-07T03:55:11.270707+00:00,68.20529294013977,7302,730406,1,-307.200012,-201.00001499999996,7872.259765999999
2026-10-07T03:55:11.361073+00:00,68.29565906524658,7303,730506,1,-307.650024,-201.00001499999996,7875.405761999999
2026-10-07T03:55:11.462928+00:00,68.39751410484314,7304,730606,1,-307.350006,-201.150009,7872.501952999999
2026-10-07T03:55:11.563904+00:00,68.49849009513855,7305,730706,1,-307.350006,-200.850006,7873.954102
2026-10-07T03:55:11.667772+00:00,68.60235810279846,7306,730806,1,-306.9000239999999,-201.00001499999996,7872.985839999999
2026-10-07T03:55:11.771250+00:00,68.70583605766296,7307,730906,1,-306.9000239999999,-201.150009,7870.808105
2026-10-07T03:55:11.862768+00:00,68.79735398292542,7308,731006,1,-307.200012,-200.700012,7871.049804999999
2026-10-07T03:55:11.968498+00:00,68.90308403968811,7309,731106,1,-306.9000239999999,-200.55000299999998,7872.985839999999
2026-10-07T03:55:12.069029+00:00,69.00361514091492,7310,731206,1,-307.95001199999996,-200.850006,7873.228026999999
2026-10-07T03:55:12.161651+00:00,69.09623694419861,7311,731306,1,-306.9000239999999,-200.400009,7872.744140999999
2026-10-07T03:55:12.269626+00:00,69.20421195030212,7312,731406,1,-306.75,-201.600006,7873.469727
2026-10-07T03:55:12.361426+00:00,69.29601216316223,7313,731506,1,-306.450012,-200.700012,7871.291992
2026-10-07T03:55:12.469325+00:00,69.40391111373901,7314,731606,1,-307.200012,-201.00001499999996,7873.711914000001
2026-10-07T03:55:12.563360+00:00,69.49794602394104,7315,731706,1,-306.9000239999999,-200.250015,7872.501952999999
2026-10-07T03:55:12.671062+00:00,69.60564804077148,7316,731806,1,-307.200012,-200.850006,7872.259765999999
2026-10-07T03:55:12.761281+00:00,69.69586706161499,7317,731906,1,-306.75,-200.700012,7871.534179999999
2026-10-07T03:55:12.867926+00:00,69.8025119304657,7318,732006,1,-307.05001799999997,-200.700012,7874.195801
2026-10-07T03:55:12.960723+00:00,69.89530897140503,7319,732106,1,-307.650024,-201.300003,7871.291992
2026-10-07T03:55:13.061934+00:00,69.99652004241943,7320,732206,1,-306.75,-200.250015,7873.228026999999
2026-10-07T03:55:13.166220+00:00,70.10080599784851,7321,732306,1,-307.650024,-200.850006,7873.711914000001
2026-10-07T03:55:13.260451+00:00,70.19503712654114,7322,732406,1,-306.450012,-200.700012,7871.775878999999
2026-10-07T03:55:13.367074+00:00,70.30166006088257,7323,732506,1,-306.600006,-201.00001499999996,7872.501952999999
2026-10-07T03:55:13.464793+00:00,70.39937901496887,7324,732606,1,-306.9000239999999,-201.150009,7872.744140999999
2026-10-07T03:55:13.568058+00:00,70.50264406204224,7325,732706,1,-307.05001799999997,-201.750015,7874.921874999999
2026-10-07T03:55:13.659484+00:00,70.59406995773315,7326,732806,1,-306.300018,-200.55000299999998,7873.469727
2026-10-07T03:55:13.762538+00:00,70.69712400436401,7327,732906,1,-306.75,-201.750015,7873.228026999999
2026-10-07T03:55:13.867597+00:00,70.80218315124512,7328,733006,1,-306.9000239999999,-200.700012,7871.049804999999
2026-10-07T03:55:13.964126+00:00,70.89871215820312,7329,733106,1,-306.75,-200.55000299999998,7872.985839999999
2026-10-07T03:55:14.067833+00:00,71.00241899490356,7330,733206,1,-306.300018,-201.45001199999996,7872.259765999999
2026-10-07T03:55:14.168378+00:00,71.10296416282654,7331,733306,1,-305.850006,-200.850006,7870.565918
2026-10-07T03:55:14.260968+00:00,71.19555401802063,7332,733406,1,-306.600006,-201.45001199999996,7873.228026999999
2026-10-07T03:55:14.364698+00:00,71.29928398132324,7333,733506,1,-306.600006,-201.600006,7872.259765999999
2026-10-07T03:55:14.459439+00:00,71.39402508735657,7334,733606,1,-307.350006,-201.150009,7872.018065999999
2026-10-07T03:55:14.568667+00:00,71.50325298309326,7335,733706,1,-306.9000239999999,-200.850006,7874.195801
2026-10-07T03:55:14.667710+00:00,71.6022961139679,7336,733806,1,-307.200012,-201.300003,7875.405761999999
2026-10-07T03:55:14.770714+00:00,71.70530009269714,7337,733906,1,-306.0,-200.700012,7872.501952999999
2026-10-07T03:55:14.865475+00:00,71.80006098747253,7338,734006,1,-306.75,-200.250015,7872.501952999999
2026-10-07T03:55:14.970980+00:00,71.90556597709656,7339,734106,1,-307.200012,-201.150009,7873.711914000001
2026-10-07T03:55:15.065808+00:00,72.00039410591125,7340,734206,1,-307.350006,-200.850006,7873.711914000001
2026-10-07T03:55:15.160237+00:00,72.09482312202454,7341,734306,1,-307.200012,-201.150009,7872.018065999999
2026-10-07T03:55:15.262959+00:00,72.1975450515747,7342,734406,1,-307.650024,-200.250015,7872.985839999999
2026-10-07T03:55:15.365413+00:00,72.29999899864197,7343,734506,1,-307.05001799999997,-201.00001499999996,7873.469727
2026-10-07T03:55:15.460341+00:00,72.39492702484131,7344,734606,1,-307.350006,-200.850006,7870.32373
2026-10-07T03:55:15.565425+00:00,72.50001096725464,7345,734706,1,-306.9000239999999,-201.150009,7870.565918
2026-10-07T03:55:15.665847+00:00,72.6004331111908,7346,734806,1,-307.350006,-200.850006,7872.018065999999
2026-10-07T03:55:15.768667+00:00,72.70325303077698,7347,734906,1,-307.350006,-200.55000299999998,7871.049804999999
2026-10-07T03:55:15.860142+00:00,72.79472804069519,7348,735006,1,-306.600006,-200.55000299999998,7872.744140999999
2026-10-07T03:55:15.964645+00:00,72.89923095703125,7349,735106,1,-306.300018,-200.700012,7873.954102
2026-10-07T03:55:16.067999+00:00,73.00258493423462,7350,735206,1,-306.9000239999999,-201.00001499999996,7872.259765999999
2026-10-07T03:55:16.168571+00:00,73.10315704345703,7351,735306,1,-306.9000239999999,-200.850006,7872.744140999999
2026-10-07T03:55:16.260843+00:00,73.19542908668518,7352,735406,1,-306.150024,-200.700012,7872.985839999999
2026-10-07T03:55:16.360873+00:00,73.29545903205872,7353,735506,1,-306.450012,-201.00001499999996,7872.744140999999
2026-10-07T03:55:16.463652+00:00,73.39823794364929,7354,735606,1,-306.600006,-200.700012,7872.501952999999
2026-10-07T03:55:16.570330+00:00,73.5049159526825,7355,735706,1,-306.450012,-200.850006,7871.049804999999
2026-10-07T03:55:16.660860+00:00,73.59544610977173,7356,735806,1,-307.200012,-200.850006,7871.291992
2026-10-07T03:55:16.766751+00:00,73.70133709907532,7357,735906,1,-306.600006,-201.150009,7871.534179999999
2026-10-07T03:55:16.865819+00:00,73.80040502548218,7358,736006,1,-306.150024,-200.250015,7872.985839999999
2026-10-07T03:55:16.960340+00:00,73.89492607116699,7359,736106,1,-306.0,-200.850006,7872.259765999999
2026-10-07T03:55:17.064563+00:00,73.99914908409119,7360,736206,1,-306.9000239999999,-201.150009,7872.018065999999
2026-10-07T03:55:17.167498+00:00,74.10208415985107,7361,736306,1,-307.05001799999997,-200.55000299999998,7870.082031
2026-10-07T03:55:17.268726+00:00,74.2033121585846,7362,736406,1,-306.150024,-200.700012,7870.808105
2026-10-07T03:55:17.360920+00:00,74.2955060005188,7363,736506,1,-306.75,-200.850006,7871.534179999999
2026-10-07T03:55:17.465977+00:00,74.40056300163269,7364,736606,1,-306.450012,-200.850006,7870.082031
2026-10-07T03:55:17.568656+00:00,74.50324201583862,7365,736706,1,-307.05001799999997,-200.400009,7871.534179999999
2026-10-07T03:55:17.666014+00:00,74.60060000419617,7366,736806,1,-306.9000239999999,-200.700012,7873.228026999999
2026-10-07T03:55:17.769133+00:00,74.70371913909912,7367,736906,1,-307.80001799999997,-201.00001499999996,7872.501952999999
2026-10-07T03:55:17.867070+00:00,74.80165600776672,7368,737006,1,-306.450012,-200.55000299999998,7872.259765999999
2026-10-07T03:55:17.960854+00:00,74.89544010162354,7369,737106,1,-307.650024,-200.55000299999998,7871.534179999999
2026-10-07T03:55:18.065781+00:00,75.00036716461182,7370,737206,1,-306.300018,-201.150009,7872.501952999999
2026-10-07T03:55:18.169476+00:00,75.1040620803833,7371,737306,1,-306.9000239999999,-200.700012,7871.049804999999
2026-10-07T03:55:18.265097+00:00,75.19968295097351,7372,737406,1,-306.600006,-200.850006,7872.744140999999
2026-10-07T03:55:18.365799+00:00,75.30038499832153,7373,737506,1,-307.05001799999997,-199.350006,7873.469727
2026-10-07T03:55:18.466174+00:00,75.40075993537903,7374,737606,1,-306.150024,-200.10000599999998,7872.744140999999
2026-10-07T03:55:18.569153+00:00,75.50373911857605,7375,737706,1,-307.200012,-200.250015,7872.018065999999
2026-10-07T03:55:18.661251+00:00,75.59583711624146,7376,737806,1,-307.350006,-201.150009,7869.355957
2026-10-07T03:55:18.768735+00:00,75.70332098007202,7377,737906,1,-306.600006,-201.00001499999996,7873.469727
2026-10-07T03:55:18.860776+00:00,75.79536199569702,7378,738006,1,-307.200012,-201.00001499999996,7872.744140999999
2026-10-07T03:55:18.966919+00:00,75.90150499343872,7379,738106,1,-306.600006,-200.400009,7872.259765999999
2026-10-07T03:55:19.070948+00:00,76.00553393363953,7380,738206,1,-306.300018,-200.700012,7872.985839999999
2026-10-07T03:55:19.162645+00:00,76.09723114967346,7381,738307,1,-306.9000239999999,-200.850006,7874.437988
2026-10-07T03:55:19.266229+00:00,76.20081496238708,7382,738406,1,-306.450012,-201.300003,7870.32373
2026-10-07T03:55:19.365779+00:00,76.30036497116089,7383,738506,1,-306.300018,-200.250015,7869.11377
2026-10-07T03:55:19.466297+00:00,76.40088295936584,7384,738606,1,-307.650024,-200.55000299999998,7873.469727
2026-10-07T03:55:19.559135+00:00,76.49372100830078,7385,738706,1,-306.600006,-201.45001199999996,7871.291992
2026-10-07T03:55:19.670990+00:00,76.6055760383606,7386,738806,1,-306.75,-201.150009,7873.469727
2026-10-07T03:55:19.759952+00:00,76.69453811645508,7387,738906,1,-306.9000239999999,-200.700012,7871.775878999999
2026-10-07T03:55:19.860982+00:00,76.79556798934937,7388,739006,1,-307.200012,-201.300003,7872.018065999999
2026-10-07T03:55:19.965807+00:00,76.90039300918579,7389,739106,1,-306.600006,-200.700012,7872.985839999999
2026-10-07T03:55:20.060455+00:00,76.99504113197327,7390,739206,1,-306.75,-200.55000299999998,7872.501952999999
2026-10-07T03:55:20.162796+00:00,77.09738206863403,7391,739306,1,-307.05001799999997,-200.700012,7872.985839999999
2026-10-07T03:55:20.260575+00:00,77.19516110420227,7392,739406,1,-307.5,-200.10000599999998,7871.291992
2026-10-07T03:55:20.365857+00:00,77.30044293403625,7393,739506,1,-306.150024,-200.250015,7870.808105
2026-10-07T03:55:20.466519+00:00,77.40110516548157,7394,739606,1,-306.9000239999999,-200.400009,7871.534179999999
2026-10-07T03:55:20.558523+00:00,77.49310898780823,7395,739706,1,-307.200012,-199.950012,7870.808105
2026-10-07T03:55:20.660511+00:00,77.59509706497192,7396,739806,1,-306.75,-200.10000599999998,7873.711914000001
2026-10-07T03:55:20.766678+00:00,77.70126414299011,7397,739906,1,-306.450012,-200.400009,7872.744140999999
2026-10-07T03:55:20.868532+00:00,77.80311799049377,7398,740006,1,-307.5,-200.850006,7871.534179999999
2026-10-07T03:55:20.960661+00:00,77.89524698257446,7399,740106,1,-306.300018,-201.00001499999996,7872.744140999999
2026-10-07T03:55:21.066831+00:00,78.00141716003418,7400,740206,1,-306.300018,-200.850006,7871.534179999999
2026-10-07T03:55:21.160995+00:00,78.0955810546875,7401,740306,1,-306.300018,-200.700012,7870.565918
2026-10-07T03:55:21.262501+00:00,78.19708704948425,7402,740406,1,-306.75,-201.300003,7872.744140999999
2026-10-07T03:55:21.366971+00:00,78.3015570640564,7403,740506,1,-307.05001799999997,-200.400009,7872.259765999999
2026-10-07T03:55:21.465458+00:00,78.40004396438599,7404,740606,1,-307.05001799999997,-201.150009,7871.775878999999
2026-10-07T03:55:21.569615+00:00,78.50420093536377,7405,740706,1,-306.600006,-200.850006,7872.985839999999
2026-10-07T03:55:21.661691+00:00,78.5962769985199,7406,740806,1,-306.9000239999999,-201.300003,7870.565918
2026-10-07T03:55:21.767989+00:00,78.70257496833801,7407,740906,1,-307.200012,-201.300003,7872.018065999999
2026-10-07T03:55:21.860076+00:00,78.79466199874878,7408,741006,1,-306.75,-201.300003,7870.32373
2026-10-07T03:55:21.962284+00:00,78.89687013626099,7409,741106,1,-306.300018,-200.10000599999998,7870.082031
2026-10-07T03:55:22.065814+00:00,79.00040006637573,7410,741206,1,-306.75,-201.90000899999998,7871.534179999999
2026-10-07T03:55:22.162598+00:00,79.0971839427948,7411,741306,1,-307.05001799999997,-201.00001499999996,7873.711914000001
2026-10-07T03:55:22.263165+00:00,79.19775104522705,7412,741406,1,-307.05001799999997,-200.400009,7869.11377
2026-10-07T03:55:22.368937+00:00,79.30352306365967,7413,741506,1,-306.9000239999999,-200.250015,7872.259765999999
2026-10-07T03:55:22.462539+00:00,79.39712500572205,7414,741606,1,-306.9000239999999,-200.700012,7870.32373
2026-10-07T03:55:22.561315+00:00,79.49590110778809,7415,741706,1,-306.450012,-200.850006,7872.259765999999
2026-10-07T03:55:22.664891+00:00,79.5994770526886,7416,741806,1,-307.80001799999997,-201.00001499999996,7871.534179999999
2026-10-07T03:55:22.758621+00:00,79.69320702552795,7417,741906,1,-306.75,-200.55000299999998,7870.082031
2026-10-07T03:55:22.860601+00:00,79.79518699645996,7418,742006,1,-307.05001799999997,-201.00001499999996,7871.775878999999
2026-10-07T03:55:22.963862+00:00,79.89844799041748,7419,742106,1,-307.650024,-201.600006,7873.711914000001
2026-10-07T03:55:23.059613+00:00,79.99419903755188,7420,742207,1,-306.9000239999999,-199.800003,7873.711914000001
2026-10-07T03:55:23.160234+00:00,80.09482002258301,7421,742306,1,-306.150024,-200.700012,7870.808105
2026-10-07T03:55:23.263860+00:00,80.19844603538513,7422,742406,1,-305.850006,-200.700012,7870.565918
2026-10-07T03:55:23.365839+00:00,80.30042505264282,7423,742506,1,-306.75,-200.55000299999998,7871.775878999999
2026-10-07T03:55:23.462105+00:00,80.39669108390808,7424,742606,1,-306.9000239999999,-201.300003,7871.534179999999
2026-10-07T03:55:23.567865+00:00,80.50245094299316,7425,742706,1,-307.350006,-200.250015,7872.744140999999
2026-10-07T03:55:23.658698+00:00,80.59328413009644,7426,742806,1,-306.9000239999999,-200.10000599999998,7871.775878999999
2026-10-07T03:55:23.760916+00:00,80.69550204277039,7427,742906,1,-307.05001799999997,-200.700012,7872.501952999999
2026-10-07T03:55:23.865414+00:00,80.79999995231628,7428,743006,1,-307.5,-199.950012,7871.049804999999
2026-10-07T03:55:23.967579+00:00,80.90216493606567,7429,743106,1,-306.600006,-201.45001199999996,7871.534179999999
2026-10-07T03:55:24.070220+00:00,81.00480604171753,7430,743206,1,-307.5,-199.950012,7872.018065999999
2026-10-07T03:55:24.160446+00:00,81.09503197669983,7431,743306,1,-306.600006,-201.00001499999996,7870.808105
2026-10-07T03:55:24.263445+00:00,81.19803094863892,7432,743406,1,-306.450012,-200.700012,7871.049804999999
2026-10-07T03:55:24.365215+00:00,81.29980111122131,7433,743506,1,-306.75,-201.150009,7870.082031
2026-10-07T03:55:24.459071+00:00,81.39365696907043,7434,743606,1,-307.350006,-201.150009,7872.985839999999
2026-10-07T03:55:24.565816+00:00,81.50040197372437,7435,743706,1,-306.450012,-201.150009,7872.018065999999
2026-10-07T03:55:24.662362+00:00,81.59694814682007,7436,743806,1,-307.05001799999997,-200.400009,7872.501952999999
2026-10-07T03:55:24.765646+00:00,81.70023202896118,7437,743906,1,-307.5,-200.400009,7872.018065999999
2026-10-07T03:55:24.870330+00:00,81.80491614341736,7438,744006,1,-307.05001799999997,-201.45001199999996,7870.082031
2026-10-07T03:55:24.967182+00:00,81.90176796913147,7439,744106,1,-306.450012,-201.45001199999996,7871.049804999999
2026-10-07T03:55:25.063999+00:00,81.99858498573303,7440,744206,1,-306.75,-201.300003,7872.985839999999
2026-10-07T03:55:25.162922+00:00,82.0975079536438,7441,744306,1,-306.75,-201.150009,7871.534179999999
2026-10-07T03:55:25.268662+00:00,82.20324802398682,7442,744406,1,-306.9000239999999,-201.600006,7873.228026999999
2026-10-07T03:55:25.360962+00:00,82.29554796218872,7443,744506,1,-306.300018,-200.700012,7872.501952999999
2026-10-07T03:55:25.465819+00:00,82.40040493011475,7444,744606,1,-307.350006,-201.00001499999996,7872.501952999999
2026-10-07T03:55:25.570777+00:00,82.50536298751831,7445,744706,1,-306.9000239999999,-201.00001499999996,7872.501952999999
2026-10-07T03:55:25.663892+00:00,82.59847807884216,7446,744806,1,-306.600006,-200.55000299999998,7872.501952999999
2026-10-07T03:55:25.766792+00:00,82.70137810707092,7447,744906,1,-307.350006,-200.850006,7871.291992
2026-10-07T03:55:25.860515+00:00,82.79510116577148,7448,745006,1,-307.5,-201.00001499999996,7870.32373
2026-10-07T03:55:25.965846+00:00,82.90043210983276,7449,745106,1,-307.200012,-201.150009,7871.534179999999
2026-10-07T03:55:26.058645+00:00,82.99323105812073,7450,745206,1,-306.450012,-201.45001199999996,7872.985839999999
2026-10-07T03:55:26.166530+00:00,83.10111594200134,7451,745306,1,-307.200012,-200.400009,7871.049804999999
2026-10-07T03:55:26.268693+00:00,83.2032790184021,7452,745406,1,-307.05001799999997,-200.55000299999998,7871.291992
2026-10-07T03:55:26.367788+00:00,83.30237412452698,7453,745506,1,-307.200012,-201.150009,7873.469727
2026-10-07T03:55:26.458888+00:00,83.39347410202026,7454,745606,1,-308.100006,-201.00001499999996,7870.32373
2026-10-07T03:55:26.563550+00:00,83.49813604354858,7455,745706,1,-307.05001799999997,-201.150009,7871.534179999999
2026-10-07T03:55:26.670298+00:00,83.60488414764404,7456,745806,1,-306.600006,-201.150009,7870.32373
2026-10-07T03:55:26.763904+00:00,83.69849014282227,7457,745906,1,-306.75,-201.600006,7871.291992
2026-10-07T03:55:26.866538+00:00,83.80112409591675,7458,746006,1,-307.80001799999997,-201.00001499999996,7872.259765999999
2026-10-07T03:55:26.966962+00:00,83.90154814720154,7459,746107,1,-307.650024,-201.600006,7872.985839999999
2026-10-07T03:55:27.069239+00:00,84.00382494926453,7460,746206,1,-307.350006,-201.300003,7871.775878999999
2026-10-07T03:55:27.160500+00:00,84.09508609771729,7461,746306,1,-307.200012,-201.600006,7871.775878999999
2026-10-07T03:55:27.260044+00:00,84.19463014602661,7462,746406,1,-307.80001799999997,-201.150009,7873.228026999999
2026-10-07T03:55:27.359927+00:00,84.29451298713684,7463,746506,1,-307.05001799999997,-200.400009,7873.228026999999
2026-10-07T03:55:27.463850+00:00,84.39843606948853,7464,746606,1,-306.9000239999999,-201.150009,7872.501952999999
2026-10-07T03:55:27.568643+00:00,84.50322914123535,7465,746706,1,-306.9000239999999,-201.600006,7870.808105
2026-10-07T03:55:27.668355+00:00,84.60294103622437,7466,746806,1,-307.200012,-200.700012,7872.744140999999
2026-10-07T03:55:27.760356+00:00,84.69494199752808,7467,746906,1,-306.600006,-200.700012,7872.018065999999
2026-10-07T03:55:27.865916+00:00,84.80050206184387,7468,747006,1,-306.75,-200.700012,7872.985839999999
2026-10-07T03:55:27.960546+00:00,84.89513206481934,7469,747106,1,-307.200012,-201.90000899999998,7871.291992
2026-10-07T03:55:28.066784+00:00,85.00136995315552,7470,747206,1,-307.350006,-201.45001199999996,7874.680176
2026-10-07T03:55:28.163932+00:00,85.09851813316345,7471,747306,1,-307.200012,-200.400009,7872.744140999999
2026-10-07T03:55:28.261496+00:00,85.19608211517334,7472,747406,1,-307.05001799999997,-200.700012,7872.744140999999
2026-10-07T03:55:28.368545+00:00,85.30313110351562,7473,747506,1,-307.5,-200.850006,7871.775878999999
2026-10-07T03:55:28.459549+00:00,85.39413499832153,7474,747606,1,-306.75,-200.700012,7872.259765999999
2026-10-07T03:55:28.565845+00:00,85.50043106079102,7475,747706,1,-307.5,-201.150009,7872.018065999999
2026-10-07T03:55:28.666875+00:00,85.6014609336853,7476,747806,1,-306.9000239999999,-200.700012,7872.985839999999
2026-10-07T03:55:28.767141+00:00,85.70172715187073,7477,747906,1,-306.300018,-200.700012,7872.744140999999
2026-10-07T03:55:28.860595+00:00,85.79518103599548,7478,748006,1,-306.600006,-200.400009,7871.775878999999
2026-10-07T03:55:28.965842+00:00,85.90042805671692,7479,748106,1,-306.600006,-200.55000299999998,7871.291992
2026-10-07T03:55:29.067008+00:00,86.00159406661987,7480,748206,1,-307.200012,-200.55000299999998,7871.775878999999
2026-10-07T03:55:29.165229+00:00,86.09981513023376,7481,748306,1,-306.9000239999999,-201.150009,7870.808105
2026-10-07T03:55:29.268564+00:00,86.2031500339508,7482,748406,1,-306.9000239999999,-200.700012,7871.049804999999
2026-10-07T03:55:29.361407+00:00,86.2959930896759,7483,748506,1,-307.05001799999997,-201.00001499999996,7872.259765999999
2026-10-07T03:55:29.460354+00:00,86.39494013786316,7484,748606,1,-306.600006,-200.700012,7870.808105
2026-10-07T03:55:29.563260+00:00,86.4978461265564,7485,748706,1,-306.9000239999999,-200.850006,7870.082031
2026-10-07T03:55:29.666673+00:00,86.6012589931488,7486,748806,1,-306.600006,-201.150009,7873.711914000001
2026-10-07T03:55:29.762484+00:00,86.69707012176514,7487,748906,1,-306.9000239999999,-200.850006,7871.775878999999
2026-10-07T03:55:29.865021+00:00,86.79960703849792,7488,749006,1,-306.450012,-200.10000599999998,7869.598145
2026-10-07T03:55:29.970951+00:00,86.90553712844849,7489,749106,1,-306.75,-200.400009,7871.775878999999
2026-10-07T03:55:30.066925+00:00,87.00151109695435,7490,749206,1,-306.9000239999999,-200.250015,7871.775878999999
2026-10-07T03:55:30.160263+00:00,87.09484910964966,7491,749306,1,-307.05001799999997,-200.55000299999998,7871.291992
2026-10-07T03:55:30.261043+00:00,87.19562911987305,7492,749406,1,-306.600006,-200.55000299999998,7873.228026999999
2026-10-07T03:55:30.360249+00:00,87.2948350906372,7493,749506,1,-307.05001799999997,-201.300003,7872.259765999999
2026-10-07T03:55:30.464571+00:00,87.39915704727173,7494,749606,1,-306.75,-201.300003,7873.469727
2026-10-07T03:55:30.569000+00:00,87.50358605384827,7495,749706,1,-306.75,-201.00001499999996,7871.049804999999
2026-10-07T03:55:30.660317+00:00,87.59490299224854,7496,749806,1,-306.450012,-200.850006,7873.711914000001
2026-10-07T03:55:30.760621+00:00,87.69520711898804,7497,749906,1,-307.650024,-201.90000899999998,7871.775878999999
2026-10-07T03:55:30.865603+00:00,87.80018901824951,7498,750007,1,-306.600006,-200.400009,7872.018065999999
2026-10-07T03:55:30.971243+00:00,87.9058289527893,7499,750106,1,-306.75,-200.700012,7870.565918
2026-10-07T03:55:31.063404+00:00,87.99799013137817,7500,750206,1,-307.05001799999997,-201.00001499999996,7869.839844
2026-10-07T03:55:31.165748+00:00,88.10033392906189,7501,750306,1,-306.450012,-200.700012,7871.775878999999
2026-10-07T03:55:31.260304+00:00,88.19489002227783,7502,750406,1,-306.9000239999999,-200.10000599999998,7871.534179999999
2026-10-07T03:55:31.368020+00:00,88.30260610580444,7503,750506,1,-306.75,-200.700012,7871.534179999999
2026-10-07T03:55:31.468559+00:00,88.40314507484436,7504,750606,1,-306.300018,-200.850006,7873.228026999999
2026-10-07T03:55:31.563593+00:00,88.49817895889282,7505,750706,1,-306.75,-200.850006,7870.32373
2026-10-07T03:55:31.669200+00:00,88.6037859916687,7506,750806,1,-307.200012,-199.950012,7870.808105
2026-10-07T03:55:31.768178+00:00,88.70276403427124,7507,750906,1,-306.150024,-201.45001199999996,7872.744140999999
2026-10-07T03:55:31.867794+00:00,88.80238008499146,7508,751006,1,-305.850006,-200.400009,7871.534179999999
2026-10-07T03:55:31.962550+00:00,88.89713597297668,7509,751106,1,-307.200012,-200.850006,7870.082031
2026-10-07T03:55:32.068836+00:00,89.00342202186584,7510,751206,1,-306.9000239999999,-200.700012,7870.808105
2026-10-07T03:55:32.161550+00:00,89.09613609313965,7511,751306,1,-307.05001799999997,-201.00001499999996,7869.598145
2026-10-07T03:55:32.265850+00:00,89.20043611526489,7512,751406,1,-306.75,-201.150009,7869.355957
2026-10-07T03:55:32.366071+00:00,89.30065703392029,7513,751506,1,-306.450012,-200.700012,7871.534179999999
2026-10-07T03:55:32.465840+00:00,89.40042614936829,7514,751606,1,-307.350006,-200.700012,7871.291992
2026-10-07T03:55:32.561002+00:00,89.49558806419373,7515,751706,1,-306.300018,-201.00001499999996,7869.11377
2026-10-07T03:55:32.667001+00:00,89.60158705711365,7516,751806,1,-306.600006,-200.250015,7870.082031
2026-10-07T03:55:32.760268+00:00,89.69485402107239,7517,751906,1,-306.600006,-201.00001499999996,7870.32373
2026-10-07T03:55:32.866102+00:00,89.80068802833557,7518,752006,1,-306.300018,-200.700012,7872.501952999999
2026-10-07T03:55:32.960350+00:00,89.89493608474731,7519,752106,1,-306.450012,-201.150009,7871.049804999999
